match_id,odi_no,opposition,ground,match_date,toss,series,result,match_days
64657,1572,6,58230,2000-03-09,"South Africa , elected to bat first",South Africa tour of India,India led the 5-match series 1-0,9 March 2000 (50-over match)
64658,1573,6,58180,2000-03-12,"South Africa , elected to bat first",South Africa tour of India,India led the 5-match series 2-0,12 March 2000 (50-over match)
64659,1574,6,58081,2000-03-15,"South Africa , elected to field first",South Africa tour of India,India led the 5-match series 2-1,15 March 2000 (50-over match)
64660,1575,6,58516,2000-03-17,"South Africa , elected to bat first",South Africa tour of India,India led the 5-match series 3-1,17 March 2000 (50-over match)
64661,1576,6,58344,2000-03-19,"India , elected to field first",South Africa tour of India,India won the 5-match series 3-2,19 March 2000 (50-over match)
64662,1587,2,59089,2000-04-12,"South Africa , elected to field first",Australia tour of South Africa,South Africa led the 3-match series 1-0,12 April 2000 - day/night match (50-over match)
64663,1589,2,59068,2000-04-14,"Australia , elected to field first",Australia tour of South Africa,3-match series level 1-1,14 April 2000 - day/night match (50-over match)
64664,1591,2,59120,2000-04-16,"South Africa , elected to field first",Australia tour of South Africa,South Africa won the 3-match series 2-1,16 April 2000 (50-over match)
64665,1620,2,56450,2000-08-16,"South Africa , elected to field first",South Africa tour of Australia,Australia led the 3-match series 1-0,16 August 2000 - day/night match (50-over match)
64666,1621,2,56450,2000-08-18,"South Africa , elected to bat first",South Africa tour of Australia,Australia led the 3-match series 1-0,18 August 2000 - day/night match (50-over match)
64667,1622,2,56450,2000-08-20,"South Africa , elected to bat first",South Africa tour of Australia,3-match series drawn 1-1,20 August 2000 (50-over match)
64672,1643,5,59039,2000-10-22,"New Zealand , elected to bat first",New Zealand tour of South Africa,South Africa led the 6-match series 1-0,22 October 2000 (50-over match)
64674,1647,5,59079,2000-10-25,"New Zealand , elected to field first",New Zealand tour of South Africa,South Africa led the 6-match series 2-0,25 October 2000 - day/night match (50-over match)
64676,1651,5,59135,2000-10-28,"South Africa , elected to field first",New Zealand tour of South Africa,South Africa led the 6-match series 3-0,28 October 2000 (50-over match)
64678,1654,5,59089,2000-11-01,"South Africa , elected to field first",New Zealand tour of South Africa,South Africa led the 6-match series 4-0,1 November 2000 - day/night match (50-over match)
64679,1655,5,59068,2000-11-04,"South Africa , elected to field first",New Zealand tour of South Africa,South Africa won the 6-match series 5-0,4 November 2000 (50-over match)
64685,1661,8,59159,2000-12-15,"Sri Lanka , elected to bat first",Sri Lanka tour of South Africa,South Africa led the 6-match series 1-0,15 December 2000 - day/night match (50-over match)
64686,1662,8,59098,2000-12-17,"South Africa , elected to bat first",Sri Lanka tour of South Africa,South Africa led the 6-match series 2-0,17 December 2000 (50-over match)
64690,1666,8,59147,2001-01-09,"Sri Lanka , elected to bat first",Sri Lanka tour of South Africa,South Africa led the 6-match series 3-0,9 January 2001 - day/night match (50-over match)
64691,1668,8,59068,2001-01-11,"South Africa , elected to bat first",Sri Lanka tour of South Africa,South Africa led the 6-match series 4-0,11 January 2001 - day/night match (50-over match)
64692,1671,8,59042,2001-01-14,"South Africa , elected to field first",Sri Lanka tour of South Africa,South Africa led the 6-match series 5-0,14 January 2001 (50-over match)
64693,1673,8,59120,2001-01-17,"South Africa , elected to field first",Sri Lanka tour of South Africa,South Africa won the 6-match series 5-1,17 January 2001 - day/night match (50-over match)
64715,1712,4,59458,2001-04-28,"West Indies , elected to field first",South Africa tour of West Indies,West Indies led the 7-match series 1-0,28 April 2001 (50-over match)
64716,1713,4,59495,2001-05-02,"South Africa , elected to field first",South Africa tour of West Indies,7-match series level 1-1,2 May 2001 (50-over match)
64717,1714,4,59490,2001-05-05,"West Indies , elected to field first",South Africa tour of West Indies,South Africa led the 7-match series 2-1,5 May 2001 (50-over match)
64718,1715,4,59490,2001-05-06,"South Africa , elected to field first",South Africa tour of West Indies,South Africa led the 7-match series 3-1,6 May 2001 (50-over match)
64719,1716,4,59429,2001-05-09,"South Africa , elected to field first",South Africa tour of West Indies,South Africa led the 7-match series 4-1,9 May 2001 (50-over match)
64720,1717,4,59475,2001-05-12,"West Indies , elected to field first",South Africa tour of West Indies,South Africa led the 7-match series 5-1,12 May 2001 (50-over match)
64721,1718,4,59463,2001-05-16,"South Africa , elected to bat first",South Africa tour of West Indies,South Africa won the 7-match series 5-2,16 May 2001 (50-over match)
64725,1748,9,59537,2001-09-23,"South Africa , elected to bat first",South Africa tour of Zimbabwe,South Africa led the 3-match series 1-0,23 September 2001 (50-over match)
64726,1749,9,59545,2001-09-29,"South Africa , elected to bat first",South Africa tour of Zimbabwe,South Africa led the 3-match series 2-0,29 September 2001 (50-over match)
64727,1750,9,59545,2001-09-30,"Zimbabwe , elected to bat first",South Africa tour of Zimbabwe,South Africa won the 3-match series 3-0,30 September 2001 (50-over match)
64758,1819,2,59120,2002-03-22,"Australia , elected to bat first",Australia tour of South Africa,Australia led the 7-match series 1-0,22 March 2002 (50-over match)
64759,1820,2,59079,2002-03-24,"South Africa , elected to field first",Australia tour of South Africa,Australia led the 7-match series 2-0,24 March 2002 (50-over match)
64760,1821,2,59172,2002-03-27,"South Africa , elected to bat first",Australia tour of South Africa,Australia led the 7-match series 2-0,27 March 2002 (50-over match)
64761,1822,2,59042,2002-03-30,"Australia , elected to bat first",Australia tour of South Africa,Australia led the 7-match series 3-0,30 March 2002 (50-over match)
64762,1823,2,59089,2002-04-03,"Australia , elected to field first",Australia tour of South Africa,Australia led the 7-match series 4-0,3 April 2002 - day/night match (50-over match)
64763,1824,2,59159,2002-04-06,"South Africa , elected to bat first",Australia tour of South Africa,Australia led the 7-match series 5-0,6 April 2002 (50-over match)
64764,1827,2,59068,2002-04-09,"Australia , elected to field first",Australia tour of South Africa,Australia won the 7-match series 5-1,9 April 2002 - day/night match (50-over match)
64782,1890,25,59172,2002-10-03,"South Africa , elected to bat first",Bangladesh tour of South Africa,South Africa led the 3-match series 1-0,3 October 2002 - day/night match (50-over match)
64783,1891,25,59039,2002-10-06,"South Africa , elected to field first",Bangladesh tour of South Africa,South Africa led the 3-match series 2-0,6 October 2002 (50-over match)
64784,1892,25,59135,2002-10-09,"Bangladesh , elected to bat first",Bangladesh tour of South Africa,South Africa won the 3-match series 3-0,9 October 2002 - day/night match (50-over match)
64795,1903,8,59120,2002-11-27,"South Africa , elected to field first",Sri Lanka tour of South Africa,South Africa led the 5-match series 1-0,27 November 2002 (50-over match)
64797,1905,8,59079,2002-11-29,"South Africa , elected to bat first",Sri Lanka tour of South Africa,South Africa led the 5-match series 2-0,29 November 2002 - day/night match (50-over match)
64800,1908,8,59039,2002-12-01,"Sri Lanka , elected to field first",Sri Lanka tour of South Africa,South Africa led the 5-match series 2-1,1 December 2002 (50-over match)
64803,1911,8,59135,2002-12-04,"South Africa , elected to field first",Sri Lanka tour of South Africa,South Africa led the 5-match series 3-1,4 December 2002 - day/night match (50-over match)
64804,1912,8,59042,2002-12-06,"Sri Lanka , elected to bat first",Sri Lanka tour of South Africa,South Africa won the 5-match series 4-1,6 December 2002 - day/night match (50-over match)
64806,1914,7,59089,2002-12-08,"Pakistan , elected to field first",Pakistan tour of South Africa,South Africa led the 5-match series 1-0,8 December 2002 (50-over match)
64808,1916,7,59159,2002-12-11,"Pakistan , elected to bat first",Pakistan tour of South Africa,5-match series level 1-1,11 December 2002 - day/night match (50-over match)
64809,1918,7,59098,2002-12-13,"South Africa , elected to bat first",Pakistan tour of South Africa,South Africa led the 5-match series 2-1,13 December 2002 - day/night match (50-over match)
64811,1921,7,59147,2002-12-16,"Pakistan , elected to bat first",Pakistan tour of South Africa,South Africa led the 5-match series 3-1,16 December 2002 (50-over match)
64812,1923,7,59068,2002-12-18,"South Africa , elected to bat first",Pakistan tour of South Africa,South Africa won the 5-match series 4-1,18 December 2002 - day/night match (50-over match)
64838,2046,7,58967,2003-10-03,"Pakistan , elected to bat first",South Africa tour of Pakistan,Pakistan led the 5-match series 1-0,3 October 2003 - day/night match (50-over match)
64839,2047,7,58967,2003-10-05,"South Africa , elected to field first",South Africa tour of Pakistan,Pakistan led the 5-match series 2-0,5 October 2003 - day/night match (50-over match)
64840,2048,7,58927,2003-10-07,"Pakistan , elected to bat first",South Africa tour of Pakistan,Pakistan led the 5-match series 2-1,7 October 2003 (50-over match)
64841,2049,7,59006,2003-10-10,"Pakistan , elected to bat first",South Africa tour of Pakistan,5-match series level 2-2,10 October 2003 - day/night match (50-over match)
64842,2050,7,59006,2003-10-12,"Pakistan , elected to bat first",South Africa tour of Pakistan,South Africa won the 5-match series 3-2,12 October 2003 - day/night match (50-over match)
64862,2088,4,59068,2004-01-25,"South Africa , elected to bat first",West Indies tour of South Africa,South Africa led the 5-match series 1-0,25 January 2004 - day/night match (50-over match)
64863,2090,4,59159,2004-01-28,"South Africa , elected to bat first",West Indies tour of South Africa,South Africa led the 5-match series 2-0,28 January 2004 - day/night match (50-over match)
64865,2094,4,59079,2004-02-01,"South Africa , elected to bat first",West Indies tour of South Africa,South Africa led the 5-match series 2-1,1 February 2004 (50-over match)
64866,2096,4,59120,2004-02-04,"West Indies , elected to bat first",West Indies tour of South Africa,South Africa won the 5-match series 3-1,4 February 2004 - day/night match (50-over match)
64867,2099,5,58792,2004-02-13,"South Africa , elected to field first",South Africa tour of New Zealand,South Africa led the 6-match series 1-0,13 February 2004 - day/night match (50-over match)
64868,2100,5,58812,2004-02-17,"South Africa , elected to bat first",South Africa tour of New Zealand,6-match series level 1-1,17 February 2004 - day/night match (50-over match)
64869,2101,5,58899,2004-02-20,"South Africa , elected to field first",South Africa tour of New Zealand,New Zealand led the 6-match series 2-1,20 February 2004 - day/night match (50-over match)
64872,2104,5,58822,2004-02-25,"New Zealand , elected to field first",South Africa tour of New Zealand,New Zealand led the 6-match series 3-1,25 February 2004 (50-over match)
64875,2107,5,58792,2004-02-29,"South Africa , elected to field first",South Africa tour of New Zealand,New Zealand led the 6-match series 4-1,29 February 2004 (50-over match)
64877,2109,5,58857,2004-03-02,"South Africa , elected to bat first",South Africa tour of New Zealand,New Zealand won the 6-match series 5-1,2 March 2004 (50-over match)
64902,2156,8,59306,2004-08-20,"South Africa , elected to bat first",South Africa tour of Sri Lanka,Sri Lanka led the 5-match series 1-0,20 August 2004 - day/night match (50-over match)
64903,2158,8,59306,2004-08-22,"Sri Lanka , elected to bat first",South Africa tour of Sri Lanka,Sri Lanka led the 5-match series 2-0,22 August 2004 (50-over match)
64904,2160,8,59368,2004-08-25,"South Africa , elected to bat first",South Africa tour of Sri Lanka,Sri Lanka led the 5-match series 3-0,25 August 2004 - day/night match (50-over match)
64905,2161,8,59368,2004-08-28,"Sri Lanka , elected to field first",South Africa tour of Sri Lanka,Sri Lanka led the 5-match series 4-0,28 August 2004 (50-over match)
64906,2163,8,59308,2004-08-31,"South Africa , elected to field first",South Africa tour of Sri Lanka,Sri Lanka won the 5-match series 5-0,31 August 2004 (50-over match)
64922,2216,1,59120,2005-01-30,"England , elected to field first",England tour of South Africa,England led the 7-match series 1-0,30 January 2005 (50-over match)
64924,2219,1,59042,2005-02-02,"South Africa , elected to field first",England tour of South Africa,England led the 7-match series 1-0,2 February 2005 - day/night match (50-over match)
64925,2221,1,59159,2005-02-04,"England , elected to bat first",England tour of South Africa,7-match series level 1-1,4 February 2005 - day/night match (50-over match)
64926,2223,1,59068,2005-02-06,"England , elected to field first",England tour of South Africa,South Africa led the 7-match series 2-1,6 February 2005 (50-over match)
64927,2224,1,59098,2005-02-09,"South Africa , elected to bat first",England tour of South Africa,South Africa led the 7-match series 3-1,9 February 2005 - day/night match (50-over match)
64929,2226,1,59079,2005-02-13,"South Africa , elected to field first",England tour of South Africa,South Africa won the 7-match series 4-1,13 February 2005 (50-over match)
64932,2229,9,59120,2005-02-25,"Zimbabwe , elected to field first",Zimbabwe tour of South Africa,South Africa led the 3-match series 1-0,25 February 2005 - day/night match (50-over match)
64934,2231,9,59089,2005-02-27,"Zimbabwe , elected to field first",Zimbabwe tour of South Africa,South Africa led the 3-match series 2-0,27 February 2005 (50-over match)
64936,2233,9,59159,2005-03-02,"Zimbabwe , elected to bat first",Zimbabwe tour of South Africa,South Africa won the 3-match series 3-0,2 March 2005 - day/night match (50-over match)
65235,1942,4,59068,2003-02-09,"West Indies , elected to bat first",ICC World Cup 2003,,9 February 2003 - day/night match (50-over match)
65240,1947,26,59172,2003-02-12,"Kenya , elected to bat first",ICC World Cup 2003,,12 February 2003 (50-over match)
65248,1955,5,59120,2003-02-16,"South Africa , elected to bat first",ICC World Cup 2003,,16 February 2003 (50-over match)
65254,1961,25,59042,2003-02-22,"South Africa , elected to field first",ICC World Cup 2003,,22 February 2003 (50-over match)
65264,1971,17,59098,2003-02-27,"Canada , elected to field first",ICC World Cup 2003,,27 February 2003 (50-over match)
65272,1979,8,59089,2003-03-03,"Sri Lanka , elected to bat first",ICC World Cup 2003,,3 March 2003 - day/night match (50-over match)
65616,1784,2,56441,2002-01-13,"Australia , elected to bat first",VB Series 2002,,13 January 2002 - day/night match (50-over match)
65617,1785,5,56407,2002-01-15,"South Africa , elected to bat first",VB Series 2002,,15 January 2002 (50-over match)
65619,1787,5,56336,2002-01-19,"South Africa , elected to bat first",VB Series 2002,,19 January 2002 - day/night match (50-over match)
65620,1789,2,56336,2002-01-20,"Australia , elected to bat first",VB Series 2002,,20 January 2002 - day/night match (50-over match)
65621,1791,2,56544,2002-01-22,"South Africa , elected to bat first",VB Series 2002,,22 January 2002 - day/night match (50-over match)
65623,1797,5,56293,2002-01-27,"South Africa , elected to bat first",VB Series 2002,,27 January 2002 - day/night match (50-over match)
65625,1801,5,56490,2002-02-01,"New Zealand , elected to field first",VB Series 2002,,1 February 2002 - day/night match (50-over match)
65626,1802,2,56490,2002-02-03,"South Africa , elected to field first",VB Series 2002,,3 February 2002 (50-over match)
65627,1804,5,56441,2002-02-06,"New Zealand , elected to bat first",VB Series 2002,South Africa led the best-of-3-finals 1-0,6 February 2002 - day/night match (50-over match)
65628,1805,5,56544,2002-02-08,"New Zealand , elected to bat first",VB Series 2002,South Africa won the best-of-3-finals 2-0,8 February 2002 - day/night match (50-over match)
65782,1577,6,59392,2000-03-22,"India , elected to bat first",Coca-Cola Cup 2000,,22 March 2000 - day/night match (50-over match)
65784,1579,7,59392,2000-03-24,"Pakistan , elected to bat first",Coca-Cola Cup 2000,,24 March 2000 - day/night match (50-over match)
65786,1581,6,59392,2000-03-27,"India , elected to bat first",Coca-Cola Cup 2000,,27 March 2000 - day/night match (50-over match)
65787,1582,7,59392,2000-03-28,"Pakistan , elected to bat first",Coca-Cola Cup 2000,,28 March 2000 - day/night match (50-over match)
65788,1583,7,59392,2000-03-31,"Pakistan , elected to bat first",Coca-Cola Cup 2000,Pakistan won the 1999/00 Coca-Cola Cup,31 March 2000 - day/night match (50-over match)
66089,1544,9,59120,2000-01-21,"Zimbabwe , elected to bat first",Standard Bank Triangular Tournament 2000,,21 January 2000 - day/night match (50-over match)
66090,1546,1,59042,2000-01-23,"South Africa , elected to bat first",Standard Bank Triangular Tournament 2000,,23 January 2000 (50-over match)
66091,1549,1,59068,2000-01-26,"South Africa , elected to bat first",Standard Bank Triangular Tournament 2000,,26 January 2000 - day/night match (50-over match)
66094,1555,9,59089,2000-02-02,"South Africa , elected to bat first",Standard Bank Triangular Tournament 2000,,2 February 2000 - day/night match (50-over match)
66095,1557,1,59098,2000-02-04,"South Africa , elected to field first",Standard Bank Triangular Tournament 2000,,4 February 2000 - day/night match (50-over match)
66096,1558,9,59159,2000-02-06,"South Africa , elected to bat first",Standard Bank Triangular Tournament 2000,,6 February 2000 (50-over match)
66097,1560,1,59120,2000-02-13,"England , elected to field first",Standard Bank Triangular Tournament 2000,South Africa won the 1999/00 Standard Bank Triangular Tournament,13 February 2000 - day/night match (50-over match)
66098,1752,6,59120,2001-10-05,"South Africa , elected to field first",Standard Bank Triangular Tournament 2001,,5 October 2001 - day/night match (50-over match)
66099,1755,26,59039,2001-10-07,"Kenya , elected to bat first",Standard Bank Triangular Tournament 2001,,7 October 2001 (50-over match)
66100,1757,6,59079,2001-10-10,"India , elected to bat first",Standard Bank Triangular Tournament 2001,,10 October 2001 - day/night match (50-over match)
66102,1760,26,59135,2001-10-14,"Kenya , elected to bat first",Standard Bank Triangular Tournament 2001,,14 October 2001 (50-over match)
66104,1762,6,59098,2001-10-19,"South Africa , elected to bat first",Standard Bank Triangular Tournament 2001,,19 October 2001 - day/night match (50-over match)
66105,1763,26,59068,2001-10-22,"South Africa , elected to bat first",Standard Bank Triangular Tournament 2001,,22 October 2001 - day/night match (50-over match)
66107,1766,6,59089,2001-10-26,"South Africa , elected to field first",Standard Bank Triangular Tournament 2001,South Africa won the 2001/02 Standard Bank Triangular Tournament,26 October 2001 - day/night match (50-over match)
66176,1636,1,58661,2000-10-10,"England , elected to bat first",ICC KnockOut 2000,South Africa advanced,10 October 2000 (50-over match)
66178,1638,6,58661,2000-10-13,"India , elected to bat first",ICC KnockOut 2000,India advanced,13 October 2000 (50-over match)
66181,1875,4,59308,2002-09-13,"South Africa , elected to field first",ICC Champions Trophy 2002,,13 September 2002 (50-over match)
66188,1882,26,59306,2002-09-20,"South Africa , elected to bat first",ICC Champions Trophy 2002,,20 September 2002 - day/night match (50-over match)
66192,1886,6,59306,2002-09-25,"India , elected to bat first",ICC Champions Trophy 2002,India advanced,25 September 2002 - day/night match (50-over match)
66199,2171,25,56788,2004-09-12,"Bangladesh , elected to bat first",ICC Champions Trophy 2004,,12 September 2004 (50-over match)
66206,2178,4,57127,2004-09-18,"West Indies , elected to field first",ICC Champions Trophy 2004,,"18,19 September 2004 (50-over match)"
66238,1624,7,59387,2000-08-23,"Pakistan , elected to bat first",Godrej Singapore Challenge 2000,,23 August 2000 (50-over match)
66239,1625,5,59387,2000-08-25,"New Zealand , elected to bat first",Godrej Singapore Challenge 2000,,25 August 2000 (50-over match)
66240,1626,7,59387,2000-08-27,"South Africa , elected to bat first",Godrej Singapore Challenge 2000,South Africa won the 2000 Godrej Singapore Challenge,27 August 2000 (50-over match)
66258,1604,8,59325,2000-07-06,"South Africa , elected to field first",Singer Triangular Series 2000,,6 July 2000 (50-over match)
66259,1606,7,59306,2000-07-08,"South Africa , elected to bat first",Singer Triangular Series 2000,,8 July 2000 - day/night match (50-over match)
66261,1610,8,59308,2000-07-11,"Sri Lanka , elected to field first",Singer Triangular Series 2000,,11 July 2000 (50-over match)
66262,1612,7,59308,2000-07-12,"Pakistan , elected to bat first",Singer Triangular Series 2000,,12 July 2000 (50-over match)
66263,1614,8,59306,2000-07-14,"Sri Lanka , elected to bat first",Singer Triangular Series 2000,Sri Lanka won the 2000 Singer Triangular Series,14 July 2000 - day/night match (50-over match)
66294,2029,1,57127,2003-06-28,"South Africa , elected to bat first",NatWest Series 2003,,28 June 2003 (50-over match)
66295,2030,9,56869,2003-06-29,"Zimbabwe , elected to field first",NatWest Series 2003,,29 June 2003 (50-over match)
66297,2032,1,57160,2003-07-03,"England , elected to bat first",NatWest Series 2003,,3 July 2003 - day/night match (50-over match)
66298,2033,9,56874,2003-07-05,"South Africa , elected to field first",NatWest Series 2003,,5 July 2003 (50-over match)
66300,2035,1,56788,2003-07-08,"South Africa , elected to bat first",NatWest Series 2003,,8 July 2003 - day/night match (50-over match)
66301,2036,9,57312,2003-07-10,"Zimbabwe , elected to bat first",NatWest Series 2003,,10 July 2003 (50-over match)
66302,2037,1,57129,2003-07-12,"England , elected to field first",NatWest Series 2003,England won the 2003 NatWest Series,12 July 2003 (50-over match)
66336,1860,7,59590,2002-08-12,"South Africa , elected to bat first",Morocco Cup 2002,,12 August 2002 (50-over match)
66338,1862,8,59590,2002-08-15,"Sri Lanka , elected to bat first",Morocco Cup 2002,,15 August 2002 (50-over match)
66340,1864,7,59590,2002-08-18,"South Africa , elected to bat first",Morocco Cup 2002,,18 August 2002 (50-over match)
66341,1865,8,59590,2002-08-19,"South Africa , elected to bat first",Morocco Cup 2002,,19 August 2002 (50-over match)
66342,1866,8,59590,2002-08-21,"Sri Lanka , elected to bat first",Morocco Cup 2002,Sri Lanka won the 2002 Morocco Cup,21 August 2002 (50-over match)
66351,2002,6,56661,2003-04-13,"India , elected to bat first",TVS Cup (Bangladesh) 2003,,13 April 2003 - day/night match (50-over match)
66352,2003,25,56661,2003-04-14,"South Africa , elected to bat first",TVS Cup (Bangladesh) 2003,,14 April 2003 - day/night match (50-over match)
66354,2005,25,56661,2003-04-17,"South Africa , elected to bat first",TVS Cup (Bangladesh) 2003,,17 April 2003 - day/night match (50-over match)
66355,2006,6,56661,2003-04-18,"India , elected to bat first",TVS Cup (Bangladesh) 2003,,18 April 2003 - day/night match (50-over match)
208811,2241,4,59458,2005-05-07,"West Indies , elected to bat first",South Africa tour of West Indies,South Africa led the 5-match series 1-0,7 May 2005 (50-over match)
208835,2242,4,59458,2005-05-08,"South Africa , elected to field first",South Africa tour of West Indies,South Africa led the 5-match series 2-0,8 May 2005 (50-over match)
209027,2243,4,59429,2005-05-11,"West Indies , elected to field first",South Africa tour of West Indies,South Africa led the 5-match series 3-0,11 May 2005 (50-over match)
209297,2244,4,59475,2005-05-14,"South Africa , elected to field first",South Africa tour of West Indies,South Africa led the 5-match series 4-0,14 May 2005 (50-over match)
209339,2245,4,59475,2005-05-15,"South Africa , elected to field first",South Africa tour of West Indies,South Africa won the 5-match series 5-0,15 May 2005 (50-over match)
222857,2285,5,59042,2005-10-23,"New Zealand , elected to bat first",New Zealand tour of South Africa,South Africa led the 5-match series 1-0,23 October 2005 (50-over match)
223335,2288,5,59068,2005-10-28,"South Africa , elected to bat first",New Zealand tour of South Africa,South Africa led the 5-match series 2-0,28 October 2005 - day/night match (50-over match)
223542,2289,5,59159,2005-10-30,"South Africa , elected to field first",New Zealand tour of South Africa,South Africa led the 5-match series 3-0,30 October 2005 (50-over match)
224227,2293,5,59079,2005-11-06,"South Africa , elected to field first",New Zealand tour of South Africa,South Africa won the 5-match series 4-0,6 November 2005 (50-over match)
225959,2297,6,58142,2005-11-16,"South Africa , elected to field first",South Africa tour of India,South Africa led the 5-match series 1-0,16 November 2005 (50-over match)
226315,2298,6,57897,2005-11-19,"India , elected to field first",South Africa tour of India,5-match series level 1-1,19 November 2005 - day/night match (50-over match)
226358,2299,6,57980,2005-11-25,"South Africa , elected to field first",South Africa tour of India,South Africa led the 5-match series 2-1,25 November 2005 - day/night match (50-over match)
226359,2300,6,58324,2005-11-28,"India , elected to field first",South Africa tour of India,5-match series drawn 2-2,28 November 2005 - day/night match (50-over match)
226375,2314,2,56336,2006-01-15,"Australia , elected to bat first",VB Series 2006,,15 January 2006 - day/night match (50-over match)
226376,2316,2,56450,2006-01-20,"Australia , elected to bat first",VB Series 2006,,20 January 2006 - day/night match (50-over match)
226377,2322,2,56450,2006-02-03,"Australia , elected to bat first",VB Series 2006,,3 February 2006 - day/night match (50-over match)
226378,2323,2,56544,2006-02-05,"Australia , elected to bat first",VB Series 2006,,5 February 2006 - day/night match (50-over match)
226383,2315,8,56336,2006-01-17,"South Africa , elected to field first",VB Series 2006,,17 January 2006 - day/night match (50-over match)
226384,2318,8,56293,2006-01-24,"South Africa , elected to bat first",VB Series 2006,,24 January 2006 - day/night match (50-over match)
226385,2321,8,56490,2006-01-31,"Sri Lanka , elected to bat first",VB Series 2006,,31 January 2006 - day/night match (50-over match)
226386,2325,8,56407,2006-02-07,"Sri Lanka , elected to bat first",VB Series 2006,,7 February 2006 (50-over match)
238196,2341,2,59079,2006-02-26,"Australia , elected to bat first",Australia tour of South Africa,South Africa led the 5-match series 1-0,26 February 2006 (50-over match)
238197,2345,2,59068,2006-03-03,"South Africa , elected to bat first",Australia tour of South Africa,South Africa led the 5-match series 2-0,3 March 2006 - day/night match (50-over match)
238198,2347,2,59159,2006-03-05,"South Africa , elected to field first",Australia tour of South Africa,South Africa led the 5-match series 2-1,5 March 2006 (50-over match)
238199,2348,2,59089,2006-03-10,"South Africa , elected to bat first",Australia tour of South Africa,5-match series level 2-2,10 March 2006 - day/night match (50-over match)
238200,2349,2,59120,2006-03-12,"Australia , elected to bat first",Australia tour of South Africa,South Africa won the 5-match series 3-2,12 March 2006 (50-over match)
247462,2537,15,59421,2007-03-16,"Netherlands , elected to field first",ICC World Cup 2007,,16 March 2007 (50-over match)
247470,2545,30,59421,2007-03-20,"South Africa , elected to field first",ICC World Cup 2007,,20 March 2007 (50-over match)
247478,2552,2,59421,2007-03-24,"South Africa , elected to field first",ICC World Cup 2007,,24 March 2007 (50-over match)
247482,2556,8,208544,2007-03-28,"Sri Lanka , elected to bat first",ICC World Cup 2007,,28 March 2007 (50-over match)
247488,2562,29,208544,2007-04-03,"South Africa , elected to field first",ICC World Cup 2007,,3 April 2007 (50-over match)
247490,2564,25,208544,2007-04-07,"South Africa , elected to field first",ICC World Cup 2007,,7 April 2007 (50-over match)
247493,2567,4,59490,2007-04-10,"West Indies , elected to field first",ICC World Cup 2007,,10 April 2007 (50-over match)
247497,2571,5,59490,2007-04-14,"New Zealand , elected to field first",ICC World Cup 2007,,14 April 2007 (50-over match)
247500,2574,1,59429,2007-04-17,"England , elected to bat first",ICC World Cup 2007,,17 April 2007 (50-over match)
247506,2580,2,59518,2007-04-25,"South Africa , elected to bat first",ICC World Cup 2007,Australia advanced,25 April 2007 (50-over match)
249211,2447,6,59089,2006-11-22,"South Africa , elected to bat first",India tour of South Africa,South Africa led the 5-match series 1-0,22 November 2006 - day/night match (50-over match)
249212,2449,6,59068,2006-11-26,"South Africa , elected to bat first",India tour of South Africa,South Africa led the 5-match series 2-0,26 November 2006 (50-over match)
249213,2452,6,59159,2006-11-29,"South Africa , elected to bat first",India tour of South Africa,South Africa led the 5-match series 3-0,29 November 2006 - day/night match (50-over match)
249214,2458,6,59079,2006-12-03,"South Africa , elected to field first",India tour of South Africa,South Africa won the 5-match series 4-0,3 December 2006 (50-over match)
249746,2430,5,58317,2006-10-16,"South Africa , elected to field first",ICC Champions Trophy 2006,,16 October 2006 - day/night match (50-over match)
249751,2435,8,57851,2006-10-24,"Sri Lanka , elected to field first",ICC Champions Trophy 2006,,24 October 2006 - day/night match (50-over match)
249754,2438,7,57991,2006-10-27,"South Africa , elected to bat first",ICC Champions Trophy 2006,,27 October 2006 - day/night match (50-over match)
249758,2442,4,58162,2006-11-02,"South Africa , elected to bat first",ICC Champions Trophy 2006,West Indies advanced,2 November 2006 - day/night match (50-over match)
250668,2506,7,59079,2007-02-04,"Pakistan , elected to field first",Pakistan tour of South Africa,South Africa led the 5-match series 1-0,4 February 2007 (50-over match)
250669,2513,7,59089,2007-02-07,"Pakistan , elected to bat first",Pakistan tour of South Africa,5-match series level 1-1,7 February 2007 - day/night match (50-over match)
250671,2521,7,59068,2007-02-11,"South Africa , elected to field first",Pakistan tour of South Africa,South Africa led the 5-match series 2-1,11 February 2007 (50-over match)
250672,2523,7,59120,2007-02-14,"Pakistan , elected to bat first",Pakistan tour of South Africa,South Africa won the 5-match series 3-1,14 February 2007 - day/night match (50-over match)
255961,2415,9,59042,2006-09-15,"Zimbabwe , elected to bat first",Zimbabwe tour of South Africa,South Africa led the 3-match series 1-0,15 September 2006 - day/night match (50-over match)
257470,2420,9,59172,2006-09-20,"South Africa , elected to bat first",Zimbabwe tour of South Africa,South Africa won the 3-match series 3-0,20 September 2006 - day/night match (50-over match)
259793,2418,9,59098,2006-09-18,"Zimbabwe , elected to bat first",Zimbabwe tour of South Africa,South Africa led the 3-match series 2-0,18 September 2006 - day/night match (50-over match)
293072,2591,29,58588,2007-06-24,"Ireland , elected to field first",South Africa tour of Ireland,South Africa won the one-off match,24 June 2007 (50-over match)
293076,2592,6,58588,2007-06-26,"South Africa , elected to field first",Future Cup 2007,South Africa led the 3-match series 1-0,26 June 2007 (50-over match)
293077,2593,6,58588,2007-06-29,"India , elected to field first",Future Cup 2007,3-match series level 1-1,29 June 2007 (50-over match)
293078,2595,6,58588,2007-07-01,"India , elected to field first",Future Cup 2007,India won the 3-match series 2-1,1 July 2007 (50-over match)
296914,2748,1,57092,2008-08-22,"England , elected to bat first",South Africa tour of England,England led the 5-match series 1-0,22 August 2008 - day/night match (50-over match)
296915,2754,1,57219,2008-08-26,"South Africa , elected to bat first",South Africa tour of England,England led the 5-match series 2-0,26 August 2008 - day/night match (50-over match)
296916,2757,1,57127,2008-08-29,"South Africa , elected to field first",South Africa tour of England,England led the 5-match series 3-0,29 August 2008 (50-over match)
296917,2759,1,57129,2008-08-31,"England , elected to field first",South Africa tour of England,England led the 5-match series 4-0,31 August 2008 (50-over match)
298796,2648,5,59089,2007-11-25,"South Africa , elected to field first",New Zealand tour of South Africa,South Africa led the 3-match series 1-0,25 November 2007 (50-over match)
298797,2650,5,59159,2007-11-30,"South Africa , elected to bat first",New Zealand tour of South Africa,3-match series level 1-1,30 November 2007 - day/night match (50-over match)
298798,2652,5,59068,2007-12-02,"New Zealand , elected to bat first",New Zealand tour of South Africa,South Africa won the 3-match series 2-1,2 December 2007 (50-over match)
298805,2661,4,59079,2008-01-20,"South Africa , elected to field first",West Indies tour of Zimbabwe and South Africa,South Africa led the 5-match series 1-0,20 January 2008 (50-over match)
298806,2664,4,59068,2008-01-25,"South Africa , elected to bat first",West Indies tour of Zimbabwe and South Africa,South Africa led the 5-match series 2-0,25 January 2008 - day/night match (50-over match)
298807,2666,4,59159,2008-01-27,"West Indies , elected to bat first",West Indies tour of Zimbabwe and South Africa,South Africa led the 5-match series 3-0,27 January 2008 (50-over match)
298808,2668,4,59089,2008-02-01,"West Indies , elected to bat first",West Indies tour of Zimbabwe and South Africa,South Africa led the 5-match series 4-0,1 February 2008 - day/night match (50-over match)
298809,2671,4,59120,2008-02-03,"South Africa , elected to field first",West Indies tour of Zimbabwe and South Africa,South Africa won the 5-match series 5-0,3 February 2008 (50-over match)
299006,2633,7,58967,2007-10-18,"South Africa , elected to bat first",South Africa tour of Pakistan,South Africa led the 5-match series 1-0,18 October 2007 - day/night match (50-over match)
299007,2635,7,58967,2007-10-20,"Pakistan , elected to bat first",South Africa tour of Pakistan,5-match series level 1-1,20 October 2007 - day/night match (50-over match)
299008,2637,7,58927,2007-10-23,"South Africa , elected to bat first",South Africa tour of Pakistan,Pakistan led the 5-match series 2-1,23 October 2007 - day/night match (50-over match)
299009,2639,7,58986,2007-10-26,"Pakistan , elected to bat first",South Africa tour of Pakistan,5-match series level 2-2,26 October 2007 - day/night match (50-over match)
299010,2642,7,58967,2007-10-29,"South Africa , elected to bat first",South Africa tour of Pakistan,South Africa won the 5-match series 3-2,29 October 2007 - day/night match (50-over match)
300486,2612,9,59537,2007-08-22,"Zimbabwe , elected to bat first",South Africa tour of Zimbabwe,South Africa led the 3-match series 1-0,22 August 2007 (50-over match)
300487,2614,9,59545,2007-08-25,"South Africa , elected to field first",South Africa tour of Zimbabwe,South Africa led the 3-match series 2-0,25 August 2007 (50-over match)
300488,2615,9,59545,2007-08-26,"South Africa , elected to bat first",South Africa tour of Zimbabwe,South Africa won the 3-match series 3-0,26 August 2007 (50-over match)
323949,2690,25,56658,2008-03-09,"Bangladesh , elected to bat first",South Africa tour of Bangladesh,South Africa led the 3-match series 1-0,9 March 2008 (50-over match)
323950,2691,25,236761,2008-03-12,"Bangladesh , elected to bat first",South Africa tour of Bangladesh,South Africa led the 3-match series 2-0,12 March 2008 (50-over match)
323951,2692,25,236761,2008-03-14,"Bangladesh , elected to bat first",South Africa tour of Bangladesh,South Africa won the 3-match series 3-0,14 March 2008 (50-over match)
350348,2771,25,59172,2008-11-07,"South Africa , elected to bat first",Bangladesh tour of South Africa,South Africa led the 3-match series 1-0,7 November 2008 - day/night match (50-over match)
350349,2772,25,59039,2008-11-09,"Bangladesh , elected to field first",Bangladesh tour of South Africa,South Africa led the 3-match series 2-0,9 November 2008 (50-over match)
350477,2832,2,59089,2009-04-03,"Australia , elected to bat first",Australia tour of South Africa,Australia led the 5-match series 1-0,3 April 2009 - day/night match (50-over match)
350478,2834,2,59079,2009-04-05,"Australia , elected to bat first",Australia tour of South Africa,5-match series level 1-1,5 April 2009 (50-over match)
350479,2839,2,59068,2009-04-09,"South Africa , elected to bat first",Australia tour of South Africa,South Africa led the 5-match series 2-1,9 April 2009 - day/night match (50-over match)
350480,2840,2,59159,2009-04-13,"Australia , elected to field first",Australia tour of South Africa,South Africa led the 5-match series 3-1,13 April 2009 (50-over match)
350481,2841,2,59120,2009-04-17,"South Africa , elected to field first",Australia tour of South Africa,South Africa won the 5-match series 3-2,17 April 2009 - day/night match (50-over match)
351684,2795,2,56441,2009-01-16,"Australia , elected to bat first",South Africa tour of Australia,South Africa led the 5-match series 1-0,16 January 2009 - day/night match (50-over match)
351685,2796,2,56407,2009-01-18,"South Africa , elected to field first",South Africa tour of Australia,5-match series level 1-1,18 January 2009 (50-over match)
351686,2802,2,56544,2009-01-23,"Australia , elected to bat first",South Africa tour of Australia,South Africa led the 5-match series 2-1,23 January 2009 - day/night match (50-over match)
351687,2804,2,56293,2009-01-26,"Australia , elected to bat first",South Africa tour of Australia,South Africa led the 5-match series 3-1,26 January 2009 - day/night match (50-over match)
351688,2808,2,56490,2009-01-30,"South Africa , elected to bat first",South Africa tour of Australia,South Africa won the 5-match series 4-1,30 January 2009 - day/night match (50-over match)
360800,2769,26,59042,2008-10-31,"South Africa , elected to bat first",Kenya tour of South Africa [Oct-Nov 2008],South Africa led the 2-match series 1-0,31 October 2008 - day/night match (50-over match)
360801,2770,26,59135,2008-11-02,"Kenya , elected to bat first",Kenya tour of South Africa [Oct-Nov 2008],South Africa won the 2-match series 2-0,2 November 2008 (50-over match)
387566,2929,1,59079,2009-11-22,"England , elected to field first",England tour of South Africa,England led the 5-match series 1-0,22 November 2009 (50-over match)
387567,2930,1,59068,2009-11-27,"South Africa , elected to bat first",England tour of South Africa,5-match series level 1-1,27 November 2009 - day/night match (50-over match)
387568,2931,1,59159,2009-11-29,"South Africa , elected to bat first",England tour of South Africa,England led the 5-match series 2-1,29 November 2009 (50-over match)
415273,2893,8,59079,2009-09-22,"South Africa , elected to field first",ICC Champions Trophy 2009,,22 September 2009 - day/night match (50-over match)
415275,2895,5,59079,2009-09-24,"South Africa , elected to field first",ICC Champions Trophy 2009,,24 September 2009 (50-over match)
415280,2900,1,59079,2009-09-27,"England , elected to bat first",ICC Champions Trophy 2009,,27 September 2009 - day/night match (50-over match)
430508,2926,9,59039,2009-11-08,"Zimbabwe , elected to field first",Zimbabwe tour of South Africa,South Africa led the 2-match series 1-0,8 November 2009 (50-over match)
430509,2928,9,59079,2009-11-10,"Zimbabwe , elected to field first",Zimbabwe tour of South Africa,South Africa won the 2-match series 2-0,10 November 2009 - day/night match (50-over match)
433564,3106,4,58040,2011-02-24,"South Africa , elected to field first",ICC Cricket World Cup 2011,,24 February 2011 - day/night match (50-over match)
433573,3115,15,57991,2011-03-03,"Netherlands , elected to field first",ICC Cricket World Cup 2011,,3 March 2011 (50-over match)
433579,3120,1,58008,2011-03-06,"England , elected to bat first",ICC Cricket World Cup 2011,,6 March 2011 (50-over match)
433586,3128,6,375326,2011-03-12,"India , elected to bat first",ICC Cricket World Cup 2011,,12 March 2011 - day/night match (50-over match)
433591,3133,29,57980,2011-03-15,"Ireland , elected to field first",ICC Cricket World Cup 2011,,15 March 2011 - day/night match (50-over match)
433597,3138,25,236761,2011-03-19,"South Africa , elected to bat first",ICC Cricket World Cup 2011,,19 March 2011 (50-over match)
433602,3144,5,236761,2011-03-25,"New Zealand , elected to bat first",ICC Cricket World Cup 2011,New Zealand advanced,25 March 2011 - day/night match (50-over match)
439147,2979,4,208543,2010-05-22,"West Indies , elected to field first",South Africa tour of West Indies,South Africa led the 5-match series 1-0,22 May 2010 (50-over match)
439148,2980,4,208543,2010-05-24,"South Africa , elected to bat first",South Africa tour of West Indies,South Africa led the 5-match series 2-0,24 May 2010 (50-over match)
439149,2982,4,59480,2010-05-28,"South Africa , elected to bat first",South Africa tour of West Indies,South Africa led the 5-match series 3-0,28 May 2010 (50-over match)
439150,2984,4,59480,2010-05-30,"West Indies , elected to bat first",South Africa tour of West Indies,South Africa led the 5-match series 4-0,30 May 2010 (50-over match)
439151,2987,4,59475,2010-06-03,"West Indies , elected to bat first",South Africa tour of West Indies,South Africa won the 5-match series 5-0,3 June 2010 (50-over match)
441827,2961,6,58162,2010-02-21,"South Africa , elected to field first",South Africa tour of India,India led the 3-match series 1-0,21 February 2010 - day/night match (50-over match)
441828,2962,6,58119,2010-02-24,"India , elected to bat first",South Africa tour of India,India led the 3-match series 2-0,24 February 2010 - day/night match (50-over match)
441829,2963,6,57851,2010-02-27,"South Africa , elected to bat first",South Africa tour of India,India won the 3-match series 2-1,27 February 2010 - day/night match (50-over match)
461566,3062,7,59396,2010-10-29,"Pakistan , elected to bat first",South Africa tour of United Arab Emirates,South Africa led the 5-match series 1-0,29 October 2010 - day/night match (50-over match)
461567,3063,7,59396,2010-10-31,"South Africa , elected to bat first",South Africa tour of United Arab Emirates,5-match series level 1-1,31 October 2010 - day/night match (50-over match)
461568,3064,7,392627,2010-11-02,"Pakistan , elected to field first",South Africa tour of United Arab Emirates,South Africa led the 5-match series 2-1,2 November 2010 - day/night match (50-over match)
461569,3067,7,392627,2010-11-05,"South Africa , elected to bat first",South Africa tour of United Arab Emirates,5-match series level 2-2,5 November 2010 - day/night match (50-over match)
461570,3069,7,392627,2010-11-08,"South Africa , elected to bat first",South Africa tour of United Arab Emirates,South Africa won the 5-match series 3-2,8 November 2010 - day/night match (50-over match)
463143,3057,9,59042,2010-10-15,"South Africa , elected to bat first",Zimbabwe tour of South Africa,South Africa led the 3-match series 1-0,15 October 2010 - day/night match (50-over match)
463144,3059,9,59172,2010-10-17,"Zimbabwe , elected to bat first",Zimbabwe tour of South Africa,South Africa led the 3-match series 2-0,17 October 2010 (50-over match)
463145,3061,9,59039,2010-10-22,"South Africa , elected to bat first",Zimbabwe tour of South Africa,South Africa won the 3-match series 3-0,22 October 2010 - day/night match (50-over match)
463150,3079,6,59089,2011-01-12,"South Africa , elected to bat first",India tour of South Africa,South Africa led the 5-match series 1-0,12 January 2011 - day/night match (50-over match)
463151,3080,6,59120,2011-01-15,"India , elected to bat first",India tour of South Africa,5-match series level 1-1,15 January 2011 - day/night match (50-over match)
463152,3082,6,59068,2011-01-18,"South Africa , elected to bat first",India tour of South Africa,India led the 5-match series 2-1,18 January 2011 - day/night match (50-over match)
463153,3084,6,59159,2011-01-21,"South Africa , elected to bat first",India tour of South Africa,5-match series level 2-2,21 January 2011 - day/night match (50-over match)
463154,3087,6,59079,2011-01-23,"India , elected to field first",India tour of South Africa,South Africa won the 5-match series 3-2,23 January 2011 (50-over match)
514025,3203,2,59079,2011-10-19,"South Africa , elected to field first",Australia tour of South Africa,Australia led the 3-match series 1-0,19 October 2011 - day/night match (50-over match)
514026,3208,2,59159,2011-10-23,"South Africa , elected to bat first",Australia tour of South Africa,3-match series level 1-1,23 October 2011 - day/night match (50-over match)
514027,3211,2,59089,2011-10-28,"South Africa , elected to bat first",Australia tour of South Africa,Australia won the 3-match series 2-1,28 October 2011 - day/night match (50-over match)
514035,3225,8,59147,2012-01-11,"South Africa , elected to bat first",Sri Lanka tour of South Africa,South Africa led the 5-match series 1-0,11 January 2012 - day/night match (50-over match)
514036,3226,8,59098,2012-01-14,"South Africa , elected to field first",Sri Lanka tour of South Africa,South Africa led the 5-match series 2-0,14 January 2012 (50-over match)
514037,3227,8,59042,2012-01-17,"Sri Lanka , elected to bat first",Sri Lanka tour of South Africa,South Africa led the 5-match series 3-0,17 January 2012 - day/night match (50-over match)
514038,3228,8,59135,2012-01-20,"South Africa , elected to bat first",Sri Lanka tour of South Africa,South Africa led the 5-match series 3-1,20 January 2012 - day/night match (50-over match)
514039,3229,8,59120,2012-01-22,"Sri Lanka , elected to field first",Sri Lanka tour of South Africa,South Africa won the 5-match series 3-2,22 January 2012 (50-over match)
520600,3249,5,58899,2012-02-25,"New Zealand , elected to bat first",South Africa tour of New Zealand,South Africa led the 3-match series 1-0,25 February 2012 - day/night match (50-over match)
520601,3252,5,58857,2012-02-29,"South Africa , elected to field first",South Africa tour of New Zealand,South Africa led the 3-match series 2-0,29 February 2012 - day/night match (50-over match)
520602,3254,5,58792,2012-03-03,"South Africa , elected to field first",South Africa tour of New Zealand,South Africa won the 3-match series 3-0,3 March 2012 - day/night match (50-over match)
534229,3298,1,57312,2012-08-28,"South Africa , elected to bat first",South Africa tour of England,South Africa led the 5-match series 1-0,28 August 2012 - day/night match (50-over match)
534230,3300,1,57127,2012-08-31,"South Africa , elected to bat first",South Africa tour of England,5-match series level 1-1,31 August 2012 - day/night match (50-over match)
534231,3302,1,57129,2012-09-02,"England , elected to field first",South Africa tour of England,England led the 5-match series 2-1,2 September 2012 (50-over match)
534232,3304,1,57219,2012-09-05,"England , elected to bat first",South Africa tour of England,5-match series drawn 2-2,5 September 2012 - day/night match (50-over match)
567358,3323,5,59147,2013-01-19,"New Zealand , elected to field first",New Zealand tour of South Africa,New Zealand led the 3-match series 1-0,19 January 2013 (50-over match)
567359,3325,5,59135,2013-01-22,"South Africa , elected to field first",New Zealand tour of South Africa,New Zealand led the 3-match series 2-0,22 January 2013 - day/night match (50-over match)
567360,3328,5,59172,2013-01-25,"New Zealand , elected to bat first",New Zealand tour of South Africa,New Zealand won the 3-match series 2-1,25 January 2013 - day/night match (50-over match)
567368,3343,7,59042,2013-03-10,"Pakistan , elected to field first",Pakistan tour of South Africa,South Africa led the 5-match series 1-0,10 March 2013 (50-over match)
567369,3346,7,59079,2013-03-15,"South Africa , elected to bat first",Pakistan tour of South Africa,5-match series level 1-1,15 March 2013 - day/night match (50-over match)
567370,3347,7,59120,2013-03-17,"Pakistan , elected to field first",Pakistan tour of South Africa,South Africa led the 5-match series 2-1,17 March 2013 (50-over match)
567371,3348,7,59089,2013-03-21,"South Africa , elected to bat first",Pakistan tour of South Africa,5-match series level 2-2,21 March 2013 (50-over match)
567372,3350,7,59039,2013-03-24,"Pakistan , elected to bat first",Pakistan tour of South Africa,South Africa won the 5-match series 3-2,24 March 2013 (50-over match)
602761,3359,15,58686,2013-05-31,"South Africa , elected to bat first",Netherlands v South Africa ODI Match,South Africa won the one-off match,31 May 2013 (50-over match)
635653,3392,8,59306,2013-07-20,"South Africa , elected to field first",South Africa tour of Sri Lanka,Sri Lanka led the 5-match series 1-0,20 July 2013 - day/night match (50-over match)
635654,3394,8,59306,2013-07-23,"Sri Lanka , elected to bat first",South Africa tour of Sri Lanka,Sri Lanka led the 5-match series 2-0,23 July 2013 - day/night match (50-over match)
635655,3398,8,434211,2013-07-26,"South Africa , elected to bat first",South Africa tour of Sri Lanka,Sri Lanka led the 5-match series 2-1,26 July 2013 - day/night match (50-over match)
635656,3400,8,434211,2013-07-28,"South Africa , elected to bat first",South Africa tour of Sri Lanka,Sri Lanka led the 5-match series 3-1,28 July 2013 - day/night match (50-over match)
635657,3401,8,59306,2013-07-31,"Sri Lanka , elected to bat first",South Africa tour of Sri Lanka,Sri Lanka won the 5-match series 4-1,31 July 2013 - day/night match (50-over match)
648651,3442,6,59120,2013-12-05,"India , elected to field first",India tour of South Africa,South Africa led the 3-match series 1-0,5 December 2013 - day/night match (50-over match)
648653,3443,6,59089,2013-12-08,"India , elected to field first",India tour of South Africa,South Africa led the 3-match series 2-0,8 December 2013 (50-over match)
649091,3425,7,59392,2013-10-30,"South Africa , elected to bat first",South Africa tour of United Arab Emirates,South Africa led the 5-match series 1-0,30 October 2013 - day/night match (50-over match)
649093,3427,7,392627,2013-11-01,"Pakistan , elected to bat first",South Africa tour of United Arab Emirates,5-match series level 1-1,1 November 2013 - day/night match (50-over match)
649095,3430,7,59396,2013-11-06,"South Africa , elected to bat first",South Africa tour of United Arab Emirates,South Africa led the 5-match series 2-1,6 November 2013 - day/night match (50-over match)
649097,3431,7,59396,2013-11-08,"South Africa , elected to bat first",South Africa tour of United Arab Emirates,South Africa led the 5-match series 3-1,8 November 2013 - day/night match (50-over match)
649099,3433,7,59392,2013-11-11,"South Africa , elected to bat first",South Africa tour of United Arab Emirates,South Africa won the 5-match series 4-1,11 November 2013 - day/night match (50-over match)
656403,3601,9,58831,2015-02-15,"Zimbabwe , elected to field first",ICC Cricket World Cup 2015,,15 February 2015 - day/night match (50-over match)
656423,3610,6,56441,2015-02-22,"India , elected to bat first",ICC Cricket World Cup 2015,,22 February 2015 - day/night match (50-over match)
656435,3616,4,56544,2015-02-27,"South Africa , elected to bat first",ICC Cricket World Cup 2015,,27 February 2015 - day/night match (50-over match)
656445,3621,29,56370,2015-03-03,"South Africa , elected to bat first",ICC Cricket World Cup 2015,,3 March 2015 - day/night match (50-over match)
656455,3626,7,58792,2015-03-07,"South Africa , elected to field first",ICC Cricket World Cup 2015,,7 March 2015 - day/night match (50-over match)
656469,3633,27,58899,2015-03-12,"United Arab Emirates , elected to field first",ICC Cricket World Cup 2015,,12 March 2015 - day/night match (50-over match)
656483,3640,8,56544,2015-03-18,"Sri Lanka , elected to bat first",ICC Cricket World Cup 2015,South Africa advanced,18 March 2015 - day/night match (50-over match)
656491,3644,5,58792,2015-03-24,"South Africa , elected to bat first",ICC Cricket World Cup 2015,New Zealand advanced,24 March 2015 - day/night match (50-over match)
685731,3438,7,59068,2013-11-24,"Pakistan , elected to bat first",Pakistan tour of South Africa,Pakistan led the 3-match series 1-0,24 November 2013 (50-over match)
685733,3440,7,59159,2013-11-27,"South Africa , elected to field first",Pakistan tour of South Africa,Pakistan led the 3-match series 2-0,27 November 2013 (50-over match)
685735,3441,7,59079,2013-11-30,"South Africa , elected to field first",Pakistan tour of South Africa,Pakistan won the 3-match series 2-1,30 November 2013 (50-over match)
722339,3579,4,59089,2015-01-16,"South Africa , elected to bat first",West Indies tour of South Africa,South Africa led the 5-match series 1-0,16 January 2015 - day/night match (50-over match)
722341,3583,4,59120,2015-01-18,"West Indies , elected to field first",West Indies tour of South Africa,South Africa led the 5-match series 2-0,18 January 2015 (50-over match)
722343,3587,4,59098,2015-01-21,"West Indies , elected to bat first",West Indies tour of South Africa,South Africa led the 5-match series 3-0,21 January 2015 - day/night match (50-over match)
722345,3591,4,59159,2015-01-25,"West Indies , elected to field first",West Indies tour of South Africa,South Africa led the 5-match series 3-1,25 January 2015 (50-over match)
722347,3593,4,59079,2015-01-28,"West Indies , elected to field first",West Indies tour of South Africa,South Africa won the 5-match series 4-1,28 January 2015 - day/night match (50-over match)
730083,3500,8,59306,2014-07-06,"South Africa , elected to bat first",South Africa tour of Sri Lanka,South Africa led the 3-match series 1-0,6 July 2014 (50-over match)
730085,3501,8,434211,2014-07-09,"Sri Lanka , elected to bat first",South Africa tour of Sri Lanka,3-match series level 1-1,9 July 2014 - day/night match (50-over match)
730087,3502,8,434210,2014-07-12,"South Africa , elected to bat first",South Africa tour of Sri Lanka,South Africa won the 3-match series 2-1,12 July 2014 (50-over match)
736437,3507,9,59537,2014-08-17,"Zimbabwe , elected to field first",South Africa tour of Zimbabwe,South Africa led the 3-match series 1-0,17 August 2014 (50-over match)
736439,3508,9,59537,2014-08-19,"Zimbabwe , elected to field first",South Africa tour of Zimbabwe,South Africa led the 3-match series 2-0,19 August 2014 (50-over match)
736441,3510,9,59537,2014-08-21,"South Africa , elected to field first",South Africa tour of Zimbabwe,South Africa won the 3-match series 3-0,21 August 2014 (50-over match)
736445,3516,2,59545,2014-08-27,"South Africa , elected to field first",Zimbabwe Triangular Series 2014,,27 August 2014 (50-over match)
736447,3518,9,59545,2014-08-29,"Zimbabwe , elected to field first",Zimbabwe Triangular Series 2014,,29 August 2014 (50-over match)
736451,3522,2,59545,2014-09-02,"South Africa , elected to field first",Zimbabwe Triangular Series 2014,,2 September 2014 (50-over match)
736453,3524,9,59545,2014-09-04,"Zimbabwe , elected to field first",Zimbabwe Triangular Series 2014,,4 September 2014 (50-over match)
736455,3526,2,59545,2014-09-06,"South Africa , elected to field first",Zimbabwe Triangular Series 2014,South Africa won the 2014 Zimbabwe Triangular Series,6 September 2014 (50-over match)
749771,3536,5,444258,2014-10-21,"South Africa , elected to field first",South Africa tour of New Zealand [October 2014],South Africa led the 3-match series 1-0,21 October 2014 (50-over match)
749773,3537,5,444258,2014-10-24,"New Zealand , elected to field first",South Africa tour of New Zealand [October 2014],South Africa led the 3-match series 2-0,24 October 2014 (50-over match)
754723,3545,2,56490,2014-11-14,"South Africa , elected to field first",South Africa tour of Australia [November 2014],Australia led the 5-match series 1-0,14 November 2014 (50-over match)
754725,3546,2,56490,2014-11-16,"Australia , elected to bat first",South Africa tour of Australia [November 2014],5-match series level 1-1,16 November 2014 (50-over match)
754727,3548,2,56370,2014-11-19,"Australia , elected to bat first",South Africa tour of Australia [November 2014],Australia led the 5-match series 2-1,19 November 2014 - day/night match (50-over match)
754729,3549,2,56441,2014-11-21,"South Africa , elected to bat first",South Africa tour of Australia [November 2014],Australia led the 5-match series 3-1,21 November 2014 - day/night match (50-over match)
754731,3551,2,56544,2014-11-23,"South Africa , elected to bat first",South Africa tour of Australia [November 2014],Australia won the 5-match series 4-1,23 November 2014 - day/night match (50-over match)
800469,3732,1,59042,2016-02-03,"England , elected to bat first",England tour of South Africa,England led the 5-match series 1-0,3 February 2016 - day/night match (50-over match)
800471,3734,1,59159,2016-02-06,"South Africa , elected to bat first",England tour of South Africa,England led the 5-match series 2-0,6 February 2016 (50-over match)
800473,3736,1,59079,2016-02-09,"England , elected to bat first",England tour of South Africa,England led the 5-match series 2-1,9 February 2016 - day/night match (50-over match)
800475,3737,1,59120,2016-02-12,"South Africa , elected to field first",England tour of South Africa,5-match series level 2-2,12 February 2016 - day/night match (50-over match)
800477,3738,1,59068,2016-02-14,"South Africa , elected to field first",England tour of South Africa,South Africa won the 5-match series 3-2,14 February 2016 (50-over match)
817207,3663,25,236761,2015-07-10,"Bangladesh , elected to bat first",South Africa tour of Bangladesh,South Africa led the 3-match series 1-0,10 July 2015 - day/night match (50-over match)
817209,3666,25,236761,2015-07-12,"South Africa , elected to bat first",South Africa tour of Bangladesh,3-match series level 1-1,12 July 2015 - day/night match (50-over match)
817211,3668,25,56658,2015-07-15,"South Africa , elected to bat first",South Africa tour of Bangladesh,Bangladesh won the 3-match series 2-1,15 July 2015 - day/night match (50-over match)
848843,3676,5,59079,2015-08-19,"New Zealand , elected to field first",New Zealand tour of Zimbabwe and South Africa,South Africa led the 3-match series 1-0,19 August 2015 - day/night match (50-over match)
848845,3677,5,59172,2015-08-23,"South Africa , elected to bat first",New Zealand tour of Zimbabwe and South Africa,3-match series level 1-1,23 August 2015 (50-over match)
848847,3678,5,59089,2015-08-26,"South Africa , elected to bat first",New Zealand tour of Zimbabwe and South Africa,South Africa won the 3-match series 2-1,26 August 2015 - day/night match (50-over match)
903593,3689,6,58204,2015-10-11,"South Africa , elected to bat first",South Africa tour of India,South Africa led the 5-match series 1-0,11 October 2015 (50-over match)
903595,3692,6,58150,2015-10-14,"India , elected to bat first",South Africa tour of India,5-match series level 1-1,14 October 2015 - day/night match (50-over match)
903597,3695,6,377285,2015-10-18,"South Africa , elected to bat first",South Africa tour of India,South Africa led the 5-match series 2-1,18 October 2015 - day/night match (50-over match)
903599,3698,6,58008,2015-10-22,"India , elected to bat first",South Africa tour of India,5-match series level 2-2,22 October 2015 - day/night match (50-over match)
903601,3700,6,58324,2015-10-25,"South Africa , elected to bat first",South Africa tour of India,South Africa won the 5-match series 3-2,25 October 2015 - day/night match (50-over match)
932849,3739,4,208544,2016-06-03,"South Africa , elected to bat first",West Indies Tri-Nation Series 2016,,03 June 2016 - day/night match (50-over match)
932853,3741,2,208544,2016-06-07,"South Africa , elected to bat first",West Indies Tri-Nation Series 2016,,07 June 2016 - day/night match (50-over match)
932855,3743,2,59421,2016-06-11,"Australia , elected to bat first",West Indies Tri-Nation Series 2016,,11 June 2016 - day/night match (50-over match)
932859,3747,4,59421,2016-06-15,"West Indies , elected to field first",West Indies Tri-Nation Series 2016,,15 June 2016 - day/night match (50-over match)
932865,3754,4,59429,2016-06-24,"South Africa , elected to field first",West Indies Tri-Nation Series 2016,,24 June 2016 - day/night match (50-over match)
936131,3780,29,59039,2016-09-25,"Ireland , elected to field first",Ireland tour of South Africa,South Africa won the one-off match,25 September 2016 (50-over match)
936135,3785,2,59079,2016-09-30,"South Africa , elected to field first",Australia tour of South Africa,South Africa led the 5-match series 1-0,30 September 2016 - day/night match (50-over match)
936137,3787,2,59120,2016-10-02,"Australia , elected to field first",Australia tour of South Africa,South Africa led the 5-match series 2-0,2 October 2016 (50-over match)
936139,3790,2,59089,2016-10-05,"Australia , elected to bat first",Australia tour of South Africa,South Africa led the 5-match series 3-0,5 October 2016 - day/night match (50-over match)
936141,3792,2,59159,2016-10-09,"Australia , elected to bat first",Australia tour of South Africa,South Africa led the 5-match series 4-0,9 October 2016 (50-over match)
936143,3795,2,59068,2016-10-12,"South Africa , elected to bat first",Australia tour of South Africa,South Africa won the 5-match series 5-0,12 October 2016 - day/night match (50-over match)
936159,3828,8,59159,2017-01-28,"South Africa , elected to field first",Sri Lanka tour of South Africa,South Africa led the 5-match series 1-0,28 January 2017 (50-over match)
936161,3830,8,59089,2017-02-01,"Sri Lanka , elected to field first",Sri Lanka tour of South Africa,South Africa led the 5-match series 2-0,1 February 2017 - day/night match (50-over match)
936163,3831,8,59120,2017-02-04,"South Africa , elected to field first",Sri Lanka tour of South Africa,South Africa led the 5-match series 3-0,4 February 2017 - day/night match (50-over match)
936165,3833,8,59068,2017-02-07,"South Africa , elected to bat first",Sri Lanka tour of South Africa,South Africa led the 5-match series 4-0,7 February 2017 - day/night match (50-over match)
936167,3834,8,59079,2017-02-10,"Sri Lanka , elected to field first",Sri Lanka tour of South Africa,South Africa won the 5-match series 5-0,10 February 2017 - day/night match (50-over match)
1020031,3836,5,58831,2017-02-19,"South Africa , elected to field first",South Africa tour of New Zealand,South Africa led the 5-match series 1-0,19 February 2017 - day/night match (50-over match)
1020033,3839,5,58810,2017-02-22,"South Africa , elected to field first",South Africa tour of New Zealand,5-match series level 1-1,22 February 2017 (50-over match)
1020035,3841,5,58899,2017-02-25,"South Africa , elected to bat first",South Africa tour of New Zealand,South Africa led the 5-match series 2-1,25 February 2017 - day/night match (50-over match)
1020037,3843,5,58831,2017-03-01,"South Africa , elected to bat first",South Africa tour of New Zealand,5-match series level 2-2,01 March 2017 - day/night match (50-over match)
1020039,3846,5,58792,2017-03-04,"South Africa , elected to field first",South Africa tour of New Zealand,South Africa won the 5-match series 3-2,04 March 2017 - day/night match (50-over match)
1022351,3877,8,57127,2017-06-03,"Sri Lanka , elected to field first",ICC Champions Trophy 2017,,03 June 2017 (50-over match)
1022359,3881,7,56788,2017-06-07,"South Africa , elected to bat first",ICC Champions Trophy 2017,,07 June 2017 - day/night match (50-over match)
1022367,3886,6,57127,2017-06-11,"India , elected to field first",ICC Champions Trophy 2017,,11 June 2017 (50-over match)
1031425,3872,1,57092,2017-05-24,"South Africa , elected to field first",South Africa tour of England,England led the 3-match series 1-0,24 May 2017 - day/night match (50-over match)
1031427,3873,1,57312,2017-05-27,"South Africa , elected to field first",South Africa tour of England,England led the 3-match series 2-0,27 May 2017 (50-over match)
1031429,3874,1,57129,2017-05-29,"South Africa , elected to field first",South Africa tour of England,England won the 3-match series 2-1,29 May 2017 (50-over match)
1075504,3923,25,59135,2017-10-15,"Bangladesh , elected to bat first",Bangladesh tour of South Africa,South Africa led the 3-match series 1-0,15 October 2017 (50-over match)
1075505,3925,25,59147,2017-10-18,"Bangladesh , elected to field first",Bangladesh tour of South Africa,South Africa led the 3-match series 2-0,18 October 2017 (50-over match)
1075506,3929,25,59098,2017-10-22,"South Africa , elected to bat first",Bangladesh tour of South Africa,South Africa won the 3-match series 3-0,22 October 2017 (50-over match)
1122279,3969,6,59089,2018-02-01,"South Africa , elected to bat first",India tour of South Africa,India led the 6-match series 1-0,01 February 2018 - day/night match (50-over match)
1122280,3970,6,59079,2018-02-04,"India , elected to field first",India tour of South Africa,India led the 6-match series 2-0,04 February 2018 (50-over match)
1122281,3971,6,59068,2018-02-07,"South Africa , elected to field first",India tour of South Africa,India led the 6-match series 3-0,07 February 2018 - day/night match (50-over match)
1122282,3973,6,59120,2018-02-10,"India , elected to bat first",India tour of South Africa,India led the 6-match series 3-1,10 February 2018 - day/night match (50-over match)
1122283,3976,6,59159,2018-02-13,"South Africa , elected to field first",India tour of South Africa,India led the 6-match series 4-1,13 February 2018 - day/night match (50-over match)
1122284,3978,6,59079,2018-02-16,"India , elected to field first",India tour of South Africa,India won the 6-match series 5-1,16 February 2018 - day/night match (50-over match)
1142584,4025,8,59368,2018-07-29,"Sri Lanka , elected to bat first",South Africa tour of Sri Lanka,South Africa led the 5-match series 1-0,29 July 2018 (50-over match)
1142585,4027,8,59368,2018-08-01,"Sri Lanka , elected to bat first",South Africa tour of Sri Lanka,South Africa led the 5-match series 2-0,01 August 2018 - day/night match (50-over match)
1142586,4029,8,434211,2018-08-05,"Sri Lanka , elected to field first",South Africa tour of Sri Lanka,South Africa led the 5-match series 3-0,05 August 2018 (50-over match)
1142587,4030,8,434211,2018-08-08,"South Africa , elected to field first",South Africa tour of Sri Lanka,South Africa led the 5-match series 3-1,08 August 2018 - day/night match (50-over match)
1142588,4031,8,59306,2018-08-12,"Sri Lanka , elected to bat first",South Africa tour of Sri Lanka,South Africa won the 5-match series 3-2,12 August 2018 - day/night match (50-over match)
1144146,4049,9,59135,2018-09-30,"South Africa , elected to field first",Zimbabwe tour of South Africa,South Africa led the 3-match series 1-0,30 September 2018 (50-over match)
1144147,4050,9,59042,2018-10-03,"South Africa , elected to bat first",Zimbabwe tour of South Africa,South Africa led the 3-match series 2-0,03 October 2018 - day/night match (50-over match)
1144148,4051,9,59147,2018-10-06,"Zimbabwe , elected to bat first",Zimbabwe tour of South Africa,South Africa won the 3-match series 3-0,06 October 2018 - day/night match (50-over match)
1144156,4080,7,59159,2019-01-19,"South Africa , elected to bat first",Pakistan tour of South Africa,Pakistan led the 5-match series 1-0,19 January 2019 - day/night match (50-over match)
1144157,4081,7,59089,2019-01-22,"South Africa , elected to field first",Pakistan tour of South Africa,5-match series level 1-1,22 January 2019 - day/night match (50-over match)
1144158,4084,7,59079,2019-01-25,"Pakistan , elected to bat first",Pakistan tour of South Africa,South Africa led the 5-match series 2-1,25 January 2019 - day/night match (50-over match)
1144159,4087,7,59120,2019-01-27,"Pakistan , elected to field first",Pakistan tour of South Africa,5-match series level 2-2,27 January 2019 (50-over match)
1144160,4090,7,59068,2019-01-30,"South Africa , elected to field first",Pakistan tour of South Africa,South Africa won the 5-match series 3-2,30 January 2019 - day/night match (50-over match)
1144167,4104,8,59120,2019-03-03,"South Africa , elected to field first",Sri Lanka tour of South Africa,South Africa led the 5-match series 1-0,03 March 2019 (50-over match)
1144168,4107,8,59079,2019-03-06,"Sri Lanka , elected to field first",Sri Lanka tour of South Africa,South Africa led the 5-match series 2-0,06 March 2019 - day/night match (50-over match)
1144169,4112,8,59089,2019-03-10,"Sri Lanka , elected to field first",Sri Lanka tour of South Africa,South Africa led the 5-match series 3-0,10 March 2019 (50-over match)
1144170,4114,8,59159,2019-03-13,"South Africa , elected to field first",Sri Lanka tour of South Africa,South Africa led the 5-match series 4-0,13 March 2019 - day/night match (50-over match)
1144171,4115,8,59068,2019-03-16,"Sri Lanka , elected to bat first",Sri Lanka tour of South Africa,South Africa won the 5-match series 5-0,16 March 2019 - day/night match (50-over match)
1144483,4143,1,57127,2019-05-30,"South Africa , elected to field first",ICC Cricket World Cup 2019,,30 May 2019 (50-over match)
1144487,4147,25,57127,2019-06-02,"South Africa , elected to field first",ICC Cricket World Cup 2019,,02 June 2019 (50-over match)
1144490,4150,6,57312,2019-06-05,"South Africa , elected to bat first",ICC Cricket World Cup 2019,,05 June 2019 (50-over match)
1144503,4160,40,56874,2019-06-15,"South Africa , elected to field first",ICC Cricket World Cup 2019,,15 June 2019 - day/night match (50-over match)
1144507,4165,5,56788,2019-06-19,"New Zealand , elected to field first",ICC Cricket World Cup 2019,,19 June 2019 (50-over match)
1144512,4171,7,57129,2019-06-23,"Pakistan , elected to bat first",ICC Cricket World Cup 2019,,23 June 2019 (50-over match)
1144517,4176,8,56901,2019-06-28,"South Africa , elected to field first",ICC Cricket World Cup 2019,,28 June 2019 (50-over match)
1144527,4188,2,57160,2019-07-06,"South Africa , elected to bat first",ICC Cricket World Cup 2019,,06 July 2019 - day/night match (50-over match)
1144986,4065,2,1126475,2018-11-04,"South Africa , elected to field first",South Africa tour of Australia,South Africa led the 3-match series 1-0,04 November 2018 (50-over match)
1144987,4067,2,56293,2018-11-09,"South Africa , elected to field first",South Africa tour of Australia,3-match series level 1-1,09 November 2018 - day/night match (50-over match)
1144988,4069,2,56407,2018-11-11,"Australia , elected to field first",South Africa tour of Australia,South Africa won the 3-match series 2-1,11 November 2018 - day/night match (50-over match)
1185310,4234,1,59068,2020-02-04,"South Africa , elected to field first",England tour of South Africa,South Africa led the 3-match series 1-0,04 February 2020 - day/night match (50-over match)
1185312,4242,1,59120,2020-02-09,"England , elected to field first",England tour of South Africa,3-match series drawn 1-1,09 February 2020 (50-over match)
1185319,4248,2,59147,2020-02-29,"South Africa , elected to bat first",Australia tour of South Africa,South Africa led the 3-match series 1-0,29 February 2020 - day/night match (50-over match)
1185320,4252,2,59042,2020-03-04,"Australia , elected to bat first",Australia tour of South Africa,South Africa led the 3-match series 2-0,04 March 2020 - day/night match (50-over match)
1185321,4254,2,59172,2020-03-07,"South Africa , elected to field first",Australia tour of South Africa,South Africa won the 3-match series 3-0,07 March 2020 (50-over match)
